building_name,primary_usage
A.B. Moore Hall,Education
Adams Hall,Education
Alabama Aquatics Center,Entertainment/public assembly
Alabama Athletics Dining Facility,Food sales and service
Alabama Institute for Manufacturing Excellence,Technology/science
Alabama Mobility and Power Center,Technology/science
Alabama Soccer Stadium,Entertainment/public assembly
Alston Hall,Education
Alpha Chi Omega,Lodging/residential
Alpha Delta Chi,Lodging/residential
Alpha Delta Pi,Lodging/residential
Alpha Delta Phi,Lodging/residential
Alpha Epsilon Pi,Lodging/residential
Alpha Gamma Delta,Lodging/residential
Alpha Kappa Alpha,Lodging/residential
Alpha Kappa Lambda,Lodging/residential
Alpha Omega Epsilon,Lodging/residential
Alpha Omicron Pi,Lodging/residential
Alpha Phi,Lodging/residential
Alpha Phi Alpha,Lodging/residential
Alpha Sigma Phi,Lodging/residential
Alpha Tau Omega,Lodging/residential
Autherine Lucy Hall,Education
B.B. Comer Hall,Education
Barnwell Hall,Education
Bashinsky Computer Center,Education
Beta Theta Pi,Lodging/residential
Beta Upsilon Chi,Lodging/residential
Betty Shirley Clinic,Healthcare
Bevill Building,Technology/science
Bidgood Hall,Education
Bill Battle Athletic Performance Center,Education
Blount Hall,Lodging/residential
Brewer-Porch Children's Center,Healthcare
Bruno Business Library,Education
Bryant Conference Center,Entertainment/public assembly
Bryant Hall,Lodging/residential
Bryant Museum,Entertainment/public assembly
Bryant-Jordan Hall,Education
Bryce Lawn,Lodging/residential
Bryce Main Building,Office
Bureau of Mines,Education
Burke Hall,Lodging/residential
Capstone College of Nursing Building,Education
Capstone Village,Lodging/residential
Carmichael Hall,Office
Chi Omega,Lodging/residential
Chi Phi,Lodging/residential
Child and Family Research Clinic,Healthcare
Child Development Research Center,Education
Clark Hall,Office
Coleman Coliseum,Entertainment/public assembly
Cyber Hall,Technology/science
Delta Chi,Lodging/residential
Delta Delta Delta,Lodging/residential
Delta Gamma,Lodging/residential
Delta Kappa Epsilon,Lodging/residential
Delta Sigma Theta,Lodging/residential
Delta Tau Delta,Lodging/residential
Delta Zeta,Lodging/residential
Denny Chimes,Entertainment/public assembly
Doster Hall,Education
Drummond Lyon Hall,Education
East Annex,Office
East Edge,Lodging/residential
Employee Resource Center,Office
English Building,Education
FarmHouse,Lodging/residential
Farrah Hall,Education
Foster Auditorium,Entertainment/public assembly
Gallalee Hall,Education
Gamma Phi Beta,Lodging/residential
Garland Hall,Education
Geological Survey of Alabama Building,Public services
Gordon Palmer Hall,Education
Gorgas House Museum,Entertainment/public assembly
Gorgas Library,Education
Gorgas Machine Shop,Utility
Greek Assembly Hall,Entertainment/public assembly
H.M. Comer Hall,Education
Hank Crisp Indoor Facility,Entertainment/public assembly
Hardaway Hall,Education
Harris Hall,Lodging/residential
Hewson Hall,Education
Highlands,Lodging/residential
Holle Center for Communication Arts,Education
Honors Hall,Education
Houser Hall,Education
John England Jr. Hall,Lodging/residential
Judy Bonner Child Development Center,Education
Kappa Alpha Order,Lodging/residential
Kappa Alpha Theta,Lodging/residential
Kappa Delta,Lodging/residential
Kappa Kappa Gamma,Lodging/residential
Kappa Sigma,Lodging/residential
Lakeside East,Lodging/residential
Lakeside West,Lodging/residential
Lambda Chi Alpha,Lodging/residential
Law Center,Education
Little Hall,Education
Lloyd Hall,Education
Magnolia House,Office
Mal M. Moore Athletic Facility,Education
Martha Parham Hall East,Lodging/residential
Martha Parham Hall West,Lodging/residential
Mary Harmon Bryant Hall,Education
Math & Science Education Building,Education
Maxwell Hall,Education
McClure Library,Education
Moody Music Building,Education
Morgan Hall,Education
North Engineering Research Center,Technology/science
North Lawn Hall,Education
Northeast Medical Building,Healthcare
Oliver-Barnard Hall,Education
Osband Hall,Office
Parker-Haun Tennis Facility,Entertainment/public assembly
Paty Hall,Lodging/residential
Phi Delta Theta,Lodging/residential
Phi Gamma Delta,Lodging/residential
Phi Kappa Psi,Lodging/residential
Phi Kappa Sigma,Lodging/residential
Phi Kappa Tau,Lodging/residential
Phi Mu,Lodging/residential
Pi Beta Phi,Lodging/residential
Pi Kappa Alpha,Lodging/residential
Pi Kappa Phi,Lodging/residential
Presidential Village I,Lodging/residential
Presidential Village II,Lodging/residential
Presidents Hall,Lodging/residential
President's Mansion,Lodging/residential
Randall Welcome Center,Public services
Reese Phifer Hall,Education
Rhoads Stadium,Entertainment/public assembly
Ridgecrest East,Lodging/residential
Ridgecrest North,Lodging/residential
Ridgecrest South,Lodging/residential
Ridgecrest West,Lodging/residential
Riverside East,Lodging/residential
Riverside North,Lodging/residential
Riverside South,Lodging/residential
Riverside West,Lodging/residential
Robert E. Witt Student Activity Center,Entertainment/public assembly
Roberta Alison Baumgardner Tennis Facility,Entertainment/public assembly
Rodgers Library,Education
Rose Administration Building,Office
Rowand-Johnson Building,Education
Russell Hall,Education
Saban Field at Bryant-Denny Stadium,Entertainment/public assembly
Sam Bailey Track and Field Stadium,Entertainment/public assembly
Sarah Moody Gallery,Entertainment/public assembly
Science and Engineering Complex,Technology/science
Scientific Collections Facility,Technology/science
Sewell-Thomas Stadium,Entertainment/public assembly
Shelby Hall,Technology/science
Sigma Alpha Epsilon,Lodging/residential
Sigma Chi,Lodging/residential
Sigma Delta Tau,Lodging/residential
Sigma Gamma Rho,Lodging/residential
Sigma Kappa,Lodging/residential
Sigma Nu,Lodging/residential
Sigma Phi Epsilon,Lodging/residential
Sigma Pi,Lodging/residential
Smart Communities and Innovation Building,Technology/science
Smith Family Center for the Performing Arts,Entertainment/public assembly
Smith Hall,Education
Smith Woods,Lodging/residential
South Engineering Research Center,Technology/science
Speech and Hearing Building,Healthcare
Stallings Center,Education
State Oil and Gas Board Building,Public services
Stran-Hardin Arena,Entertainment/public assembly
Student Center,Entertainment/public assembly
Student Health Center,Healthcare
Student Recreation Center,Entertainment/public assembly
Student Services Center,Public services
Temple Tutwiler Hall,Office
Ten Hoor Hall,Education
Theta Chi,Lodging/residential
Tuomey Hall,Education
Tutwiler Hall,Lodging/residential
University Club,Entertainment/public assembly
University Early Childhood Development and Education Center,Education
University Hall,Education
University Medical Center,Healthcare
University Police Department,Public services
University Printing Services,Utility
University Supply Store at the Corner,Food sales and service
USGS Hydrologic Instrumentation Facility,Technology/science
Varsity Tennis Stadium,Entertainment/public assembly
Wade Hall,Education
Wilson Hall,Education
Woods Hall,Education
Zeta Beta Tau,Lodging/residential
Zeta Tau Alpha,Lodging/residential